lastname|firstname|middle_name|userID|password
Deamo|Sandra||1751053|1643328
Harder|Theo||3060862|9887425
Passi|Kalpdrum||781264|3071145
Ojha|Shri|Kant|3715673|9364928
Agrawal|R.|K.|5677623|293331
Ulusoy|Ozgur||4433784|1288930
Laurent|Dominique||3143297|1849693
Grewal|Ratvinder|S|9818575|3543799
Unland|Rainer||8263266|684938
Cuzzocrea|Alfredo||8634886|1119622
Collet|Christine||9693449|5108382
Catal|Cagatay||6461563|6982667
Plaice|John||5528650|6695247
Kolins|Jeevaratnam||6890285|4365687
Lee|Wookey||1157581|2690840
Espinola|Roger|Castillo|9981456|1834766
Jakupovic|Alen||9547285|642996
Candrlic|Sanja||5526601|5704019
Seguin|Normand||1940295|2589416
Shanker|Udai||7126196|7862734
Hackl|Guenter||7935081|6087206
Leopold|Jennifer|L|6630784|4892302
Lee|Leong||4569161|8168898
Savarybelanger|Olivier||7137011|1178358
Lucena|Carlos|Jose|4480757|8868711
Wang|Di||2135714|7900293
Jenkin|Michael||6797613|287185
Voigt|Hannes||1043082|4353857
Lehner|Wolfgang||8640039|138625
Nagano|Kyoko||7034113|3449164
